countryCode,code,nico,description,generalRate,rateUnit,validFrom,validTo,sourceVersion,sourceUrl
MX,2803.00.02,,Negro de humo de hornos.,,,2026-04-27,,SNICE-TIGIE-MOD-ABRIL-2026,https://www.snice.gob.mx/~oracle/SNICE_DOCS/MODIFICACIONES-ABRIL2026-LIGIE_20260427-20260427.xlsx
MX,2827.20.01,,Cloruro de calcio.,,,2026-04-27,,SNICE-TIGIE-MOD-ABRIL-2026,https://www.snice.gob.mx/~oracle/SNICE_DOCS/MODIFICACIONES-ABRIL2026-LIGIE_20260427-20260427.xlsx
MX,2836.20.01,,Carbonato de disodio.,,,2026-04-27,,SNICE-TIGIE-MOD-ABRIL-2026,https://www.snice.gob.mx/~oracle/SNICE_DOCS/MODIFICACIONES-ABRIL2026-LIGIE_20260427-20260427.xlsx
MX,2836.30.01,,Hidrogenocarbonato (bicarbonato) de sodio.,,,2026-04-27,,SNICE-TIGIE-MOD-ABRIL-2026,https://www.snice.gob.mx/~oracle/SNICE_DOCS/MODIFICACIONES-ABRIL2026-LIGIE_20260427-20260427.xlsx
MX,2837.11.02,,De sodio.,,,2026-04-27,,SNICE-TIGIE-MOD-ABRIL-2026,https://www.snice.gob.mx/~oracle/SNICE_DOCS/MODIFICACIONES-ABRIL2026-LIGIE_20260427-20260427.xlsx
MX,2917.32.01,,Ortoftalatos de dioctilo.,,,2026-04-27,,SNICE-TIGIE-MOD-ABRIL-2026,https://www.snice.gob.mx/~oracle/SNICE_DOCS/MODIFICACIONES-ABRIL2026-LIGIE_20260427-20260427.xlsx
MX,2917.35.01,,Anhídrido ftálico.,,,2026-04-27,,SNICE-TIGIE-MOD-ABRIL-2026,https://www.snice.gob.mx/~oracle/SNICE_DOCS/MODIFICACIONES-ABRIL2026-LIGIE_20260427-20260427.xlsx
MX,2917.39.99,,Los demás.,,,2026-04-27,,SNICE-TIGIE-MOD-ABRIL-2026,https://www.snice.gob.mx/~oracle/SNICE_DOCS/MODIFICACIONES-ABRIL2026-LIGIE_20260427-20260427.xlsx
MX,2918.99.01,,"Ácido 2,4-diclorofenoxiacético.",,,2026-04-27,,SNICE-TIGIE-MOD-ABRIL-2026,https://www.snice.gob.mx/~oracle/SNICE_DOCS/MODIFICACIONES-ABRIL2026-LIGIE_20260427-20260427.xlsx
MX,2922.11.01,,Monoetanolamina.,,,2026-04-27,,SNICE-TIGIE-MOD-ABRIL-2026,https://www.snice.gob.mx/~oracle/SNICE_DOCS/MODIFICACIONES-ABRIL2026-LIGIE_20260427-20260427.xlsx
MX,2922.12.01,,Dietanolamina.,,,2026-04-27,,SNICE-TIGIE-MOD-ABRIL-2026,https://www.snice.gob.mx/~oracle/SNICE_DOCS/MODIFICACIONES-ABRIL2026-LIGIE_20260427-20260427.xlsx
MX,3402.42.01,,Productos de la condensación del óxido de etileno o del óxido de propileno con alquilfenoles o alcoholes grasos.,,,2026-04-27,,SNICE-TIGIE-MOD-ABRIL-2026,https://www.snice.gob.mx/~oracle/SNICE_DOCS/MODIFICACIONES-ABRIL2026-LIGIE_20260427-20260427.xlsx
MX,3405.20.02,,"Encáusticos y preparaciones similares para la conservación de muebles de madera, parqués u otras manufacturas de madera.",,,2026-04-27,,SNICE-TIGIE-MOD-ABRIL-2026,https://www.snice.gob.mx/~oracle/SNICE_DOCS/MODIFICACIONES-ABRIL2026-LIGIE_20260427-20260427.xlsx
MX,3506.91.99,,Los demás.,,,2026-04-27,,SNICE-TIGIE-MOD-ABRIL-2026,https://www.snice.gob.mx/~oracle/SNICE_DOCS/MODIFICACIONES-ABRIL2026-LIGIE_20260427-20260427.xlsx
MX,3903.11.01,,Expandible.,,,2026-04-27,,SNICE-TIGIE-MOD-ABRIL-2026,https://www.snice.gob.mx/~oracle/SNICE_DOCS/MODIFICACIONES-ABRIL2026-LIGIE_20260427-20260427.xlsx
MX,3903.19.99,,Los demás.,,,2026-04-27,,SNICE-TIGIE-MOD-ABRIL-2026,https://www.snice.gob.mx/~oracle/SNICE_DOCS/MODIFICACIONES-ABRIL2026-LIGIE_20260427-20260427.xlsx
MX,3907.61.01,,Con un índice de viscosidad superior o igual a 78 ml/g.,,,2026-04-27,,SNICE-TIGIE-MOD-ABRIL-2026,https://www.snice.gob.mx/~oracle/SNICE_DOCS/MODIFICACIONES-ABRIL2026-LIGIE_20260427-20260427.xlsx
MX,3907.69.99,,Los demás.,,,2026-04-27,,SNICE-TIGIE-MOD-ABRIL-2026,https://www.snice.gob.mx/~oracle/SNICE_DOCS/MODIFICACIONES-ABRIL2026-LIGIE_20260427-20260427.xlsx
MX,3907.91.99,,Los demás.,,,2026-04-27,,SNICE-TIGIE-MOD-ABRIL-2026,https://www.snice.gob.mx/~oracle/SNICE_DOCS/MODIFICACIONES-ABRIL2026-LIGIE_20260427-20260427.xlsx
MX,3909.10.01,,Resinas ureicas; resinas de tiourea.,,,2026-04-27,,SNICE-TIGIE-MOD-ABRIL-2026,https://www.snice.gob.mx/~oracle/SNICE_DOCS/MODIFICACIONES-ABRIL2026-LIGIE_20260427-20260427.xlsx
MX,3909.20.99,,Las demás.,,,2026-04-27,,SNICE-TIGIE-MOD-ABRIL-2026,https://www.snice.gob.mx/~oracle/SNICE_DOCS/MODIFICACIONES-ABRIL2026-LIGIE_20260427-20260427.xlsx
MX,4002.19.02,,"Poli(butadieno-estireno), excepto lo comprendido en la fracción arancelaria 4002.19.01.",,,2026-04-27,,SNICE-TIGIE-MOD-ABRIL-2026,https://www.snice.gob.mx/~oracle/SNICE_DOCS/MODIFICACIONES-ABRIL2026-LIGIE_20260427-20260427.xlsx
MX,4002.19.99,,Los demás.,,,2026-04-27,,SNICE-TIGIE-MOD-ABRIL-2026,https://www.snice.gob.mx/~oracle/SNICE_DOCS/MODIFICACIONES-ABRIL2026-LIGIE_20260427-20260427.xlsx
MX,4801.00.01,,Papel prensa en bobinas (rollos) o en hojas.,,,2026-04-27,,SNICE-TIGIE-MOD-ABRIL-2026,https://www.snice.gob.mx/~oracle/SNICE_DOCS/MODIFICACIONES-ABRIL2026-LIGIE_20260427-20260427.xlsx
MX,4802.62.03,,"En hojas en las que un lado sea inferior o igual a 435 mm y el otro sea inferior o igual a 297 mm, medidos sin plegar.",,,2026-04-27,,SNICE-TIGIE-MOD-ABRIL-2026,https://www.snice.gob.mx/~oracle/SNICE_DOCS/MODIFICACIONES-ABRIL2026-LIGIE_20260427-20260427.xlsx
MX,4802.69.99,,Los demás.,,,2026-04-27,,SNICE-TIGIE-MOD-ABRIL-2026,https://www.snice.gob.mx/~oracle/SNICE_DOCS/MODIFICACIONES-ABRIL2026-LIGIE_20260427-20260427.xlsx
MX,4820.20.01,,Cuadernos.,,,2026-04-27,,SNICE-TIGIE-MOD-ABRIL-2026,https://www.snice.gob.mx/~oracle/SNICE_DOCS/MODIFICACIONES-ABRIL2026-LIGIE_20260427-20260427.xlsx
MX,4905.90.01,,Esferas.,,,2026-04-27,,SNICE-TIGIE-MOD-ABRIL-2026,https://www.snice.gob.mx/~oracle/SNICE_DOCS/MODIFICACIONES-ABRIL2026-LIGIE_20260427-20260427.xlsx
MX,4905.90.02,,"Cartas geográficas, topográficas o náuticas; mapas murales.",,,2026-04-27,,SNICE-TIGIE-MOD-ABRIL-2026,https://www.snice.gob.mx/~oracle/SNICE_DOCS/MODIFICACIONES-ABRIL2026-LIGIE_20260427-20260427.xlsx
MX,4906.00.01,,"Planos y dibujos originales hechos a mano, de arquitectura, ingeniería, industriales, comerciales, topográficos o similares; textos manuscritos; reproducciones fotográficas sobre papel sensibilizado y copias con papel carbón (carbónico), de los planos, dibujos o textos antes mencionados.",,,2026-04-27,,SNICE-TIGIE-MOD-ABRIL-2026,https://www.snice.gob.mx/~oracle/SNICE_DOCS/MODIFICACIONES-ABRIL2026-LIGIE_20260427-20260427.xlsx
MX,4908.90.99,,Las demás.,,,2026-04-27,,SNICE-TIGIE-MOD-ABRIL-2026,https://www.snice.gob.mx/~oracle/SNICE_DOCS/MODIFICACIONES-ABRIL2026-LIGIE_20260427-20260427.xlsx
MX,4911.91.03,,"Terapéutico-pedagógicos, reconocibles como diseñados exclusivamente para instituciones de educación especial o similares.",,,2026-04-27,,SNICE-TIGIE-MOD-ABRIL-2026,https://www.snice.gob.mx/~oracle/SNICE_DOCS/MODIFICACIONES-ABRIL2026-LIGIE_20260427-20260427.xlsx
MX,5208.19.91,,Los demás tejidos.,,,2026-04-27,,SNICE-TIGIE-MOD-ABRIL-2026,https://www.snice.gob.mx/~oracle/SNICE_DOCS/MODIFICACIONES-ABRIL2026-LIGIE_20260427-20260427.xlsx
MX,5208.32.01,,"De ligamento tafetán, de peso superior a 100 g/m².",,,2026-04-27,,SNICE-TIGIE-MOD-ABRIL-2026,https://www.snice.gob.mx/~oracle/SNICE_DOCS/MODIFICACIONES-ABRIL2026-LIGIE_20260427-20260427.xlsx
MX,5208.39.91,,Los demás tejidos.,,,2026-04-27,,SNICE-TIGIE-MOD-ABRIL-2026,https://www.snice.gob.mx/~oracle/SNICE_DOCS/MODIFICACIONES-ABRIL2026-LIGIE_20260427-20260427.xlsx
MX,5208.42.01,,"De ligamento tafetán, de peso superior a 100 g/m².",,,2026-04-27,,SNICE-TIGIE-MOD-ABRIL-2026,https://www.snice.gob.mx/~oracle/SNICE_DOCS/MODIFICACIONES-ABRIL2026-LIGIE_20260427-20260427.xlsx
MX,5209.49.91,,Los demás tejidos.,,,2026-04-27,,SNICE-TIGIE-MOD-ABRIL-2026,https://www.snice.gob.mx/~oracle/SNICE_DOCS/MODIFICACIONES-ABRIL2026-LIGIE_20260427-20260427.xlsx
MX,5211.19.91,,Los demás tejidos.,,,2026-04-27,,SNICE-TIGIE-MOD-ABRIL-2026,https://www.snice.gob.mx/~oracle/SNICE_DOCS/MODIFICACIONES-ABRIL2026-LIGIE_20260427-20260427.xlsx
MX,5211.42.04,,"Tejidos de mezclilla (""denim"").",,,2026-04-27,,SNICE-TIGIE-MOD-ABRIL-2026,https://www.snice.gob.mx/~oracle/SNICE_DOCS/MODIFICACIONES-ABRIL2026-LIGIE_20260427-20260427.xlsx
MX,5211.43.91,,"Los demás tejidos de ligamento sarga, incluido el cruzado, de curso inferior o igual a 4.",,,2026-04-27,,SNICE-TIGIE-MOD-ABRIL-2026,https://www.snice.gob.mx/~oracle/SNICE_DOCS/MODIFICACIONES-ABRIL2026-LIGIE_20260427-20260427.xlsx
MX,5407.61.06,,Con un contenido de filamentos de poliéster sin texturar superior o igual al 85% en peso.,,,2026-04-27,,SNICE-TIGIE-MOD-ABRIL-2026,https://www.snice.gob.mx/~oracle/SNICE_DOCS/MODIFICACIONES-ABRIL2026-LIGIE_20260427-20260427.xlsx
MX,5512.11.05,,Crudos o blanqueados.,,,2026-04-27,,SNICE-TIGIE-MOD-ABRIL-2026,https://www.snice.gob.mx/~oracle/SNICE_DOCS/MODIFICACIONES-ABRIL2026-LIGIE_20260427-20260427.xlsx
MX,5512.19.99,,Los demás.,,,2026-04-27,,SNICE-TIGIE-MOD-ABRIL-2026,https://www.snice.gob.mx/~oracle/SNICE_DOCS/MODIFICACIONES-ABRIL2026-LIGIE_20260427-20260427.xlsx
MX,5513.13.91,,Los demás tejidos de fibras discontinuas de poliéster.,,,2026-04-27,,SNICE-TIGIE-MOD-ABRIL-2026,https://www.snice.gob.mx/~oracle/SNICE_DOCS/MODIFICACIONES-ABRIL2026-LIGIE_20260427-20260427.xlsx
MX,5513.29.91,,Los demás tejidos.,,,2026-04-27,,SNICE-TIGIE-MOD-ABRIL-2026,https://www.snice.gob.mx/~oracle/SNICE_DOCS/MODIFICACIONES-ABRIL2026-LIGIE_20260427-20260427.xlsx
MX,5513.39.91,,Los demás tejidos.,,,2026-04-27,,SNICE-TIGIE-MOD-ABRIL-2026,https://www.snice.gob.mx/~oracle/SNICE_DOCS/MODIFICACIONES-ABRIL2026-LIGIE_20260427-20260427.xlsx
MX,5515.19.99,,Los demás.,,,2026-04-27,,SNICE-TIGIE-MOD-ABRIL-2026,https://www.snice.gob.mx/~oracle/SNICE_DOCS/MODIFICACIONES-ABRIL2026-LIGIE_20260427-20260427.xlsx
MX,5804.10.01,,"Tul, tul-bobinot y tejidos de mallas anudadas.",,,2026-04-27,,SNICE-TIGIE-MOD-ABRIL-2026,https://www.snice.gob.mx/~oracle/SNICE_DOCS/MODIFICACIONES-ABRIL2026-LIGIE_20260427-20260427.xlsx
MX,6405.90.99,,Los demás.,,,2026-04-27,,SNICE-TIGIE-MOD-ABRIL-2026,https://www.snice.gob.mx/~oracle/SNICE_DOCS/MODIFICACIONES-ABRIL2026-LIGIE_20260427-20260427.xlsx
MX,6504.00.01,,"Sombreros y demás tocados, trenzados o fabricados por unión de tiras de cualquier materia, incluso guarnecidos.",,,2026-04-27,,SNICE-TIGIE-MOD-ABRIL-2026,https://www.snice.gob.mx/~oracle/SNICE_DOCS/MODIFICACIONES-ABRIL2026-LIGIE_20260427-20260427.xlsx
MX,6505.00.04,,"Sombreros y demás tocados, de punto o confeccionados con encaje, fieltro u otro producto textil, en pieza (pero no en tiras), incluso guarnecidos; redecillas para el cabello, de cualquier materia, incluso guarnecidas.",,,2026-04-27,,SNICE-TIGIE-MOD-ABRIL-2026,https://www.snice.gob.mx/~oracle/SNICE_DOCS/MODIFICACIONES-ABRIL2026-LIGIE_20260427-20260427.xlsx
MX,6811.40.91,,"Los demás tubos, fundas y accesorios de tubería.",,,2026-04-27,,SNICE-TIGIE-MOD-ABRIL-2026,https://www.snice.gob.mx/~oracle/SNICE_DOCS/MODIFICACIONES-ABRIL2026-LIGIE_20260427-20260427.xlsx
MX,6811.40.99,,Las demás.,,,2026-04-27,,SNICE-TIGIE-MOD-ABRIL-2026,https://www.snice.gob.mx/~oracle/SNICE_DOCS/MODIFICACIONES-ABRIL2026-LIGIE_20260427-20260427.xlsx
MX,6812.99.02,,Amianto (asbesto) en fibras trabajado; mezclas a base de amianto o a base de amianto y carbonato de magnesio.,,,2026-04-27,,SNICE-TIGIE-MOD-ABRIL-2026,https://www.snice.gob.mx/~oracle/SNICE_DOCS/MODIFICACIONES-ABRIL2026-LIGIE_20260427-20260427.xlsx
MX,6812.99.03,,Hilados.,,,2026-04-27,,SNICE-TIGIE-MOD-ABRIL-2026,https://www.snice.gob.mx/~oracle/SNICE_DOCS/MODIFICACIONES-ABRIL2026-LIGIE_20260427-20260427.xlsx
MX,6812.99.05,,"Tejidos, incluso de punto.",,,2026-04-27,,SNICE-TIGIE-MOD-ABRIL-2026,https://www.snice.gob.mx/~oracle/SNICE_DOCS/MODIFICACIONES-ABRIL2026-LIGIE_20260427-20260427.xlsx
MX,6812.99.06,,"Amianto (asbesto) y elastómeros comprimidos, para juntas o empaquetaduras, en hojas o rollos, excepto lo comprendido en la fracción arancelaria 6812.99.02.",,,2026-04-27,,SNICE-TIGIE-MOD-ABRIL-2026,https://www.snice.gob.mx/~oracle/SNICE_DOCS/MODIFICACIONES-ABRIL2026-LIGIE_20260427-20260427.xlsx
MX,6812.99.99,,Las demás.,,,2026-04-27,,SNICE-TIGIE-MOD-ABRIL-2026,https://www.snice.gob.mx/~oracle/SNICE_DOCS/MODIFICACIONES-ABRIL2026-LIGIE_20260427-20260427.xlsx
MX,6907.21.02,,Con un coeficiente de absorción de agua inferior o igual al 0.5% en peso.,,,2026-04-27,,SNICE-TIGIE-MOD-ABRIL-2026,https://www.snice.gob.mx/~oracle/SNICE_DOCS/MODIFICACIONES-ABRIL2026-LIGIE_20260427-20260427.xlsx
MX,6907.22.02,,"Con un coeficiente de absorción de agua superior al 0.5% pero inferior o igual al 10%, en peso.",,,2026-04-27,,SNICE-TIGIE-MOD-ABRIL-2026,https://www.snice.gob.mx/~oracle/SNICE_DOCS/MODIFICACIONES-ABRIL2026-LIGIE_20260427-20260427.xlsx
MX,6907.23.02,,Con un coeficiente de absorción de agua superior al 10% en peso.,,,2026-04-27,,SNICE-TIGIE-MOD-ABRIL-2026,https://www.snice.gob.mx/~oracle/SNICE_DOCS/MODIFICACIONES-ABRIL2026-LIGIE_20260427-20260427.xlsx
MX,6907.30.01,,"Cubos, dados y artículos similares para mosaicos, excepto los de la subpartida 6907.40.",,,2026-04-27,,SNICE-TIGIE-MOD-ABRIL-2026,https://www.snice.gob.mx/~oracle/SNICE_DOCS/MODIFICACIONES-ABRIL2026-LIGIE_20260427-20260427.xlsx
MX,6907.40.01,,Piezas de acabado.,,,2026-04-27,,SNICE-TIGIE-MOD-ABRIL-2026,https://www.snice.gob.mx/~oracle/SNICE_DOCS/MODIFICACIONES-ABRIL2026-LIGIE_20260427-20260427.xlsx
MX,7007.11.99,,Los demás.,,,2026-04-27,,SNICE-TIGIE-MOD-ABRIL-2026,https://www.snice.gob.mx/~oracle/SNICE_DOCS/MODIFICACIONES-ABRIL2026-LIGIE_20260427-20260427.xlsx
MX,7007.21.99,,Los demás.,,,2026-04-27,,SNICE-TIGIE-MOD-ABRIL-2026,https://www.snice.gob.mx/~oracle/SNICE_DOCS/MODIFICACIONES-ABRIL2026-LIGIE_20260427-20260427.xlsx
MX,7009.91.99,,Los demás.,,,2026-04-27,,SNICE-TIGIE-MOD-ABRIL-2026,https://www.snice.gob.mx/~oracle/SNICE_DOCS/MODIFICACIONES-ABRIL2026-LIGIE_20260427-20260427.xlsx
MX,7118.10.01,,"Monedas sin curso legal, excepto las de oro.",,,2026-04-27,,SNICE-TIGIE-MOD-ABRIL-2026,https://www.snice.gob.mx/~oracle/SNICE_DOCS/MODIFICACIONES-ABRIL2026-LIGIE_20260427-20260427.xlsx
MX,7202.11.01,,Con un contenido de carbono superior al 2% en peso.,,,2026-04-27,,SNICE-TIGIE-MOD-ABRIL-2026,https://www.snice.gob.mx/~oracle/SNICE_DOCS/MODIFICACIONES-ABRIL2026-LIGIE_20260427-20260427.xlsx
MX,7202.19.99,,Los demás.,,,2026-04-27,,SNICE-TIGIE-MOD-ABRIL-2026,https://www.snice.gob.mx/~oracle/SNICE_DOCS/MODIFICACIONES-ABRIL2026-LIGIE_20260427-20260427.xlsx
MX,7202.30.01,,Ferro-sílico-manganeso.,,,2026-04-27,,SNICE-TIGIE-MOD-ABRIL-2026,https://www.snice.gob.mx/~oracle/SNICE_DOCS/MODIFICACIONES-ABRIL2026-LIGIE_20260427-20260427.xlsx
MX,7210.70.02,,"Pintados, barnizados o revestidos de plástico.",,,2026-04-27,,SNICE-TIGIE-MOD-ABRIL-2026,https://www.snice.gob.mx/~oracle/SNICE_DOCS/MODIFICACIONES-ABRIL2026-LIGIE_20260427-20260427.xlsx
MX,7212.40.04,,"Pintados, barnizados o revestidos de plástico.",,,2026-04-27,,SNICE-TIGIE-MOD-ABRIL-2026,https://www.snice.gob.mx/~oracle/SNICE_DOCS/MODIFICACIONES-ABRIL2026-LIGIE_20260427-20260427.xlsx
MX,7216.61.01,,"Perfiles en forma de H, I, L, T, U y Z, cuyo espesor no exceda a 23 cm, excepto lo comprendido en la fracción arancelaria 7216.61.02.",,,2026-04-27,,SNICE-TIGIE-MOD-ABRIL-2026,https://www.snice.gob.mx/~oracle/SNICE_DOCS/MODIFICACIONES-ABRIL2026-LIGIE_20260427-20260427.xlsx
MX,7228.30.01,,En aceros grado herramienta.,,,2026-04-27,,SNICE-TIGIE-MOD-ABRIL-2026,https://www.snice.gob.mx/~oracle/SNICE_DOCS/MODIFICACIONES-ABRIL2026-LIGIE_20260427-20260427.xlsx
MX,7304.19.03,,"Tubos laminados en caliente, sin recubrimiento u otros trabajos de superficie, incluidos los tubos laminados en caliente barnizados o laqueados: de diámetro exterior superior a 406.4 mm y espesor de pared superior o igual a 9.52 mm sin exceder de 31.75 mm.",,,2026-04-27,,SNICE-TIGIE-MOD-ABRIL-2026,https://www.snice.gob.mx/~oracle/SNICE_DOCS/MODIFICACIONES-ABRIL2026-LIGIE_20260427-20260427.xlsx
MX,7304.22.04,,Tubos de perforación de acero inoxidable.,,,2026-04-27,,SNICE-TIGIE-MOD-ABRIL-2026,https://www.snice.gob.mx/~oracle/SNICE_DOCS/MODIFICACIONES-ABRIL2026-LIGIE_20260427-20260427.xlsx
MX,7304.23.04,,"Tubos de perforación (""Drill pipe""), laminados en caliente, con diámetro exterior superior o igual a 60.3 mm sin exceder de 168.3 mm, con extremos roscados.",,,2026-04-27,,SNICE-TIGIE-MOD-ABRIL-2026,https://www.snice.gob.mx/~oracle/SNICE_DOCS/MODIFICACIONES-ABRIL2026-LIGIE_20260427-20260427.xlsx
MX,7304.23.99,,Los demás.,,,2026-04-27,,SNICE-TIGIE-MOD-ABRIL-2026,https://www.snice.gob.mx/~oracle/SNICE_DOCS/MODIFICACIONES-ABRIL2026-LIGIE_20260427-20260427.xlsx
MX,7304.39.02,,"Tubos llamados ""mecánicos"" o ""estructurales"", laminados en caliente, sin recubrimiento u otros trabajos de superficie, incluidos los tubos llamados ""mecánicos"" o ""estructurales"", laminados en caliente, laqueados o barnizados: de diámetro exterior superior a 114.3 mm sin exceder de 355.6 mm y espesor de pared superior o igual a 6.35 mm sin exceder de 38.1 mm.",,,2026-04-27,,SNICE-TIGIE-MOD-ABRIL-2026,https://www.snice.gob.mx/~oracle/SNICE_DOCS/MODIFICACIONES-ABRIL2026-LIGIE_20260427-20260427.xlsx
MX,7304.39.04,,"Barras huecas laminadas en caliente, de diámetro exterior superior a 50 mm sin exceder de 300 mm.",,,2026-04-27,,SNICE-TIGIE-MOD-ABRIL-2026,https://www.snice.gob.mx/~oracle/SNICE_DOCS/MODIFICACIONES-ABRIL2026-LIGIE_20260427-20260427.xlsx
MX,7305.39.99,,Los demás.,,,2026-04-27,,SNICE-TIGIE-MOD-ABRIL-2026,https://www.snice.gob.mx/~oracle/SNICE_DOCS/MODIFICACIONES-ABRIL2026-LIGIE_20260427-20260427.xlsx
MX,7307.22.02,,"Codos, curvas y manguitos, roscados.",,,2026-04-27,,SNICE-TIGIE-MOD-ABRIL-2026,https://www.snice.gob.mx/~oracle/SNICE_DOCS/MODIFICACIONES-ABRIL2026-LIGIE_20260427-20260427.xlsx
MX,7307.23.99,,Los demás.,,,2026-04-27,,SNICE-TIGIE-MOD-ABRIL-2026,https://www.snice.gob.mx/~oracle/SNICE_DOCS/MODIFICACIONES-ABRIL2026-LIGIE_20260427-20260427.xlsx
MX,7310.29.99,,Los demás.,,,2026-04-27,,SNICE-TIGIE-MOD-ABRIL-2026,https://www.snice.gob.mx/~oracle/SNICE_DOCS/MODIFICACIONES-ABRIL2026-LIGIE_20260427-20260427.xlsx
MX,7315.12.91,,Las demás cadenas.,,,2026-04-27,,SNICE-TIGIE-MOD-ABRIL-2026,https://www.snice.gob.mx/~oracle/SNICE_DOCS/MODIFICACIONES-ABRIL2026-LIGIE_20260427-20260427.xlsx
MX,7315.82.91,,"Las demás cadenas, de eslabones soldados.",,,2026-04-27,,SNICE-TIGIE-MOD-ABRIL-2026,https://www.snice.gob.mx/~oracle/SNICE_DOCS/MODIFICACIONES-ABRIL2026-LIGIE_20260427-20260427.xlsx
MX,7317.00.99,,Los demás.,,,2026-04-27,,SNICE-TIGIE-MOD-ABRIL-2026,https://www.snice.gob.mx/~oracle/SNICE_DOCS/MODIFICACIONES-ABRIL2026-LIGIE_20260427-20260427.xlsx
MX,7318.12.91,,Los demás tornillos para madera.,,,2026-04-27,,SNICE-TIGIE-MOD-ABRIL-2026,https://www.snice.gob.mx/~oracle/SNICE_DOCS/MODIFICACIONES-ABRIL2026-LIGIE_20260427-20260427.xlsx
MX,7318.14.01,,Tornillos taladradores.,,,2026-04-27,,SNICE-TIGIE-MOD-ABRIL-2026,https://www.snice.gob.mx/~oracle/SNICE_DOCS/MODIFICACIONES-ABRIL2026-LIGIE_20260427-20260427.xlsx
MX,7318.15.04,,"Tornillos con diámetro inferior a 6.4 mm (¼ pulgada) y longitud inferior a 50.8 mm (2 pulgadas), excepto las de acero inoxidable y las reconocibles para naves aéreas o uso automotriz.",,,2026-04-27,,SNICE-TIGIE-MOD-ABRIL-2026,https://www.snice.gob.mx/~oracle/SNICE_DOCS/MODIFICACIONES-ABRIL2026-LIGIE_20260427-20260427.xlsx
MX,7318.15.99,,Los demás.,,,2026-04-27,,SNICE-TIGIE-MOD-ABRIL-2026,https://www.snice.gob.mx/~oracle/SNICE_DOCS/MODIFICACIONES-ABRIL2026-LIGIE_20260427-20260427.xlsx
MX,7318.16.06,,Tuercas.,,,2026-04-27,,SNICE-TIGIE-MOD-ABRIL-2026,https://www.snice.gob.mx/~oracle/SNICE_DOCS/MODIFICACIONES-ABRIL2026-LIGIE_20260427-20260427.xlsx
MX,7318.19.99,,Los demás.,,,2026-04-27,,SNICE-TIGIE-MOD-ABRIL-2026,https://www.snice.gob.mx/~oracle/SNICE_DOCS/MODIFICACIONES-ABRIL2026-LIGIE_20260427-20260427.xlsx
MX,7318.22.91,,Las demás arandelas.,,,2026-04-27,,SNICE-TIGIE-MOD-ABRIL-2026,https://www.snice.gob.mx/~oracle/SNICE_DOCS/MODIFICACIONES-ABRIL2026-LIGIE_20260427-20260427.xlsx
MX,7318.23.02,,Remaches.,,,2026-04-27,,SNICE-TIGIE-MOD-ABRIL-2026,https://www.snice.gob.mx/~oracle/SNICE_DOCS/MODIFICACIONES-ABRIL2026-LIGIE_20260427-20260427.xlsx
MX,7318.24.03,,Pasadores y chavetas.,,,2026-04-27,,SNICE-TIGIE-MOD-ABRIL-2026,https://www.snice.gob.mx/~oracle/SNICE_DOCS/MODIFICACIONES-ABRIL2026-LIGIE_20260427-20260427.xlsx
MX,7318.29.99,,Los demás.,,,2026-04-27,,SNICE-TIGIE-MOD-ABRIL-2026,https://www.snice.gob.mx/~oracle/SNICE_DOCS/MODIFICACIONES-ABRIL2026-LIGIE_20260427-20260427.xlsx
MX,7321.11.91,,"Las demás cocinas, excepto portátiles.",,,2026-04-27,,SNICE-TIGIE-MOD-ABRIL-2026,https://www.snice.gob.mx/~oracle/SNICE_DOCS/MODIFICACIONES-ABRIL2026-LIGIE_20260427-20260427.xlsx
MX,7322.19.01,,Para naves aéreas.,,,2026-04-27,,SNICE-TIGIE-MOD-ABRIL-2026,https://www.snice.gob.mx/~oracle/SNICE_DOCS/MODIFICACIONES-ABRIL2026-LIGIE_20260427-20260427.xlsx
MX,7323.10.01,,"Lana de hierro o acero; esponjas, estropajos, guantes y artículos similares para fregar, lustrar o usos análogos.",,,2026-04-27,,SNICE-TIGIE-MOD-ABRIL-2026,https://www.snice.gob.mx/~oracle/SNICE_DOCS/MODIFICACIONES-ABRIL2026-LIGIE_20260427-20260427.xlsx
MX,7323.93.05,,De acero inoxidable.,,,2026-04-27,,SNICE-TIGIE-MOD-ABRIL-2026,https://www.snice.gob.mx/~oracle/SNICE_DOCS/MODIFICACIONES-ABRIL2026-LIGIE_20260427-20260427.xlsx
MX,7323.94.05,,"De hierro o acero, esmaltados.",,,2026-04-27,,SNICE-TIGIE-MOD-ABRIL-2026,https://www.snice.gob.mx/~oracle/SNICE_DOCS/MODIFICACIONES-ABRIL2026-LIGIE_20260427-20260427.xlsx
MX,7323.99.99,,Los demás.,,,2026-04-27,,SNICE-TIGIE-MOD-ABRIL-2026,https://www.snice.gob.mx/~oracle/SNICE_DOCS/MODIFICACIONES-ABRIL2026-LIGIE_20260427-20260427.xlsx
MX,7324.10.01,,"Fregaderos (piletas de lavar) y lavabos, de acero inoxidable.",,,2026-04-27,,SNICE-TIGIE-MOD-ABRIL-2026,https://www.snice.gob.mx/~oracle/SNICE_DOCS/MODIFICACIONES-ABRIL2026-LIGIE_20260427-20260427.xlsx
MX,7324.90.91,,"Los demás, incluidas las partes.",,,2026-04-27,,SNICE-TIGIE-MOD-ABRIL-2026,https://www.snice.gob.mx/~oracle/SNICE_DOCS/MODIFICACIONES-ABRIL2026-LIGIE_20260427-20260427.xlsx
MX,7325.91.03,,Bolas y artículos similares para molinos.,,,2026-04-27,,SNICE-TIGIE-MOD-ABRIL-2026,https://www.snice.gob.mx/~oracle/SNICE_DOCS/MODIFICACIONES-ABRIL2026-LIGIE_20260427-20260427.xlsx
MX,7325.99.99,,Las demás.,,,2026-04-27,,SNICE-TIGIE-MOD-ABRIL-2026,https://www.snice.gob.mx/~oracle/SNICE_DOCS/MODIFICACIONES-ABRIL2026-LIGIE_20260427-20260427.xlsx
MX,7410.12.01,,De aleaciones de cobre.,,,2026-04-27,,SNICE-TIGIE-MOD-ABRIL-2026,https://www.snice.gob.mx/~oracle/SNICE_DOCS/MODIFICACIONES-ABRIL2026-LIGIE_20260427-20260427.xlsx
MX,7411.21.05,,"Sin costura, con espesor de pared superior o igual a 0.20 mm pero inferior o igual a 0.40 mm, para instalaciones sanitarias.",,,2026-04-27,,SNICE-TIGIE-MOD-ABRIL-2026,https://www.snice.gob.mx/~oracle/SNICE_DOCS/MODIFICACIONES-ABRIL2026-LIGIE_20260427-20260427.xlsx
MX,7419.20.03,,Accesorios para tendidos aéreos eléctricos.,,,2026-04-27,,SNICE-TIGIE-MOD-ABRIL-2026,https://www.snice.gob.mx/~oracle/SNICE_DOCS/MODIFICACIONES-ABRIL2026-LIGIE_20260427-20260427.xlsx
MX,7419.20.06,,Terminales reconocibles como diseñadas exclusivamente para resistencias no calentadoras.,,,2026-04-27,,SNICE-TIGIE-MOD-ABRIL-2026,https://www.snice.gob.mx/~oracle/SNICE_DOCS/MODIFICACIONES-ABRIL2026-LIGIE_20260427-20260427.xlsx
MX,7508.10.01,,"Telas metálicas, redes y rejas, de alambre de níquel.",,,2026-04-27,,SNICE-TIGIE-MOD-ABRIL-2026,https://www.snice.gob.mx/~oracle/SNICE_DOCS/MODIFICACIONES-ABRIL2026-LIGIE_20260427-20260427.xlsx
MX,7604.10.02,,Perfiles.,,,2026-04-27,,SNICE-TIGIE-MOD-ABRIL-2026,https://www.snice.gob.mx/~oracle/SNICE_DOCS/MODIFICACIONES-ABRIL2026-LIGIE_20260427-20260427.xlsx
MX,7604.21.01,,Perfiles huecos.,,,2026-04-27,,SNICE-TIGIE-MOD-ABRIL-2026,https://www.snice.gob.mx/~oracle/SNICE_DOCS/MODIFICACIONES-ABRIL2026-LIGIE_20260427-20260427.xlsx
MX,7604.29.02,,Perfiles.,,,2026-04-27,,SNICE-TIGIE-MOD-ABRIL-2026,https://www.snice.gob.mx/~oracle/SNICE_DOCS/MODIFICACIONES-ABRIL2026-LIGIE_20260427-20260427.xlsx
MX,7604.29.99,,Los demás.,,,2026-04-27,,SNICE-TIGIE-MOD-ABRIL-2026,https://www.snice.gob.mx/~oracle/SNICE_DOCS/MODIFICACIONES-ABRIL2026-LIGIE_20260427-20260427.xlsx
MX,7606.12.99,,Los demás.,,,2026-04-27,,SNICE-TIGIE-MOD-ABRIL-2026,https://www.snice.gob.mx/~oracle/SNICE_DOCS/MODIFICACIONES-ABRIL2026-LIGIE_20260427-20260427.xlsx
MX,7608.10.99,,Los demás.,,,2026-04-27,,SNICE-TIGIE-MOD-ABRIL-2026,https://www.snice.gob.mx/~oracle/SNICE_DOCS/MODIFICACIONES-ABRIL2026-LIGIE_20260427-20260427.xlsx
MX,7608.20.01,,"Con diámetro interior inferior o igual a 203.2 mm, excepto lo comprendido en las fracciones arancelarias 7608.20.02 y 7608.20.03.",,,2026-04-27,,SNICE-TIGIE-MOD-ABRIL-2026,https://www.snice.gob.mx/~oracle/SNICE_DOCS/MODIFICACIONES-ABRIL2026-LIGIE_20260427-20260427.xlsx
MX,7608.20.99,,Los demás.,,,2026-04-27,,SNICE-TIGIE-MOD-ABRIL-2026,https://www.snice.gob.mx/~oracle/SNICE_DOCS/MODIFICACIONES-ABRIL2026-LIGIE_20260427-20260427.xlsx
MX,7609.00.02,,"Accesorios de tubería (por ejemplo: empalmes (racores), codos, manguitos) de aluminio.",,,2026-04-27,,SNICE-TIGIE-MOD-ABRIL-2026,https://www.snice.gob.mx/~oracle/SNICE_DOCS/MODIFICACIONES-ABRIL2026-LIGIE_20260427-20260427.xlsx
MX,7610.90.99,,Los demás.,,,2026-04-27,,SNICE-TIGIE-MOD-ABRIL-2026,https://www.snice.gob.mx/~oracle/SNICE_DOCS/MODIFICACIONES-ABRIL2026-LIGIE_20260427-20260427.xlsx
MX,7616.99.13,,Escaleras.,,,2026-04-27,,SNICE-TIGIE-MOD-ABRIL-2026,https://www.snice.gob.mx/~oracle/SNICE_DOCS/MODIFICACIONES-ABRIL2026-LIGIE_20260427-20260427.xlsx
MX,7616.99.99,,Las demás.,,,2026-04-27,,SNICE-TIGIE-MOD-ABRIL-2026,https://www.snice.gob.mx/~oracle/SNICE_DOCS/MODIFICACIONES-ABRIL2026-LIGIE_20260427-20260427.xlsx
MX,8207.50.07,,Útiles de taladrar.,,,2026-04-27,,SNICE-TIGIE-MOD-ABRIL-2026,https://www.snice.gob.mx/~oracle/SNICE_DOCS/MODIFICACIONES-ABRIL2026-LIGIE_20260427-20260427.xlsx
MX,8207.60.06,,Útiles de escariar o brochar.,,,2026-04-27,,SNICE-TIGIE-MOD-ABRIL-2026,https://www.snice.gob.mx/~oracle/SNICE_DOCS/MODIFICACIONES-ABRIL2026-LIGIE_20260427-20260427.xlsx
MX,8207.80.01,,Útiles de tornear.,,,2026-04-27,,SNICE-TIGIE-MOD-ABRIL-2026,https://www.snice.gob.mx/~oracle/SNICE_DOCS/MODIFICACIONES-ABRIL2026-LIGIE_20260427-20260427.xlsx
MX,8207.90.01,,Extractores de tornillos.,,,2026-04-27,,SNICE-TIGIE-MOD-ABRIL-2026,https://www.snice.gob.mx/~oracle/SNICE_DOCS/MODIFICACIONES-ABRIL2026-LIGIE_20260427-20260427.xlsx
MX,8207.90.99,,Los demás.,,,2026-04-27,,SNICE-TIGIE-MOD-ABRIL-2026,https://www.snice.gob.mx/~oracle/SNICE_DOCS/MODIFICACIONES-ABRIL2026-LIGIE_20260427-20260427.xlsx
MX,8208.20.02,,Para trabajar madera.,,,2026-04-27,,SNICE-TIGIE-MOD-ABRIL-2026,https://www.snice.gob.mx/~oracle/SNICE_DOCS/MODIFICACIONES-ABRIL2026-LIGIE_20260427-20260427.xlsx
MX,8215.91.01,,"Plateados, dorados o platinados.",,,2026-04-27,,SNICE-TIGIE-MOD-ABRIL-2026,https://www.snice.gob.mx/~oracle/SNICE_DOCS/MODIFICACIONES-ABRIL2026-LIGIE_20260427-20260427.xlsx
MX,8302.10.99,,Los demás.,,,2026-04-27,,SNICE-TIGIE-MOD-ABRIL-2026,https://www.snice.gob.mx/~oracle/SNICE_DOCS/MODIFICACIONES-ABRIL2026-LIGIE_20260427-20260427.xlsx
MX,8302.50.01,,"Colgadores, perchas, soportes y artículos similares.",,,2026-04-27,,SNICE-TIGIE-MOD-ABRIL-2026,https://www.snice.gob.mx/~oracle/SNICE_DOCS/MODIFICACIONES-ABRIL2026-LIGIE_20260427-20260427.xlsx
MX,8305.20.01,,Grapas en tiras.,,,2026-04-27,,SNICE-TIGIE-MOD-ABRIL-2026,https://www.snice.gob.mx/~oracle/SNICE_DOCS/MODIFICACIONES-ABRIL2026-LIGIE_20260427-20260427.xlsx
MX,8308.20.01,,Remaches tubulares o con espiga hendida.,,,2026-04-27,,SNICE-TIGIE-MOD-ABRIL-2026,https://www.snice.gob.mx/~oracle/SNICE_DOCS/MODIFICACIONES-ABRIL2026-LIGIE_20260427-20260427.xlsx
MX,8309.90.07,,"Tapas: con un precorte a menos de 10 mm de toda su orilla y una pieza de sujeción colocada sobre la tapa mediante un remache, llamadas tapas ""abre fácil"" (""full open""), de acero o aluminio, para envases destinados a contener bebidas o alimentos.",,,2026-04-27,,SNICE-TIGIE-MOD-ABRIL-2026,https://www.snice.gob.mx/~oracle/SNICE_DOCS/MODIFICACIONES-ABRIL2026-LIGIE_20260427-20260427.xlsx
MX,8309.90.08,,"Tapas de aluminio, con una pieza de sujeción colocada sobre la tapa mediante un remache, reconocibles como diseñadas exclusivamente para envases destinados a contener bebidas o alimentos.",,,2026-04-27,,SNICE-TIGIE-MOD-ABRIL-2026,https://www.snice.gob.mx/~oracle/SNICE_DOCS/MODIFICACIONES-ABRIL2026-LIGIE_20260427-20260427.xlsx
MX,8311.10.03,,De aluminio o sus aleaciones.,,,2026-04-27,,SNICE-TIGIE-MOD-ABRIL-2026,https://www.snice.gob.mx/~oracle/SNICE_DOCS/MODIFICACIONES-ABRIL2026-LIGIE_20260427-20260427.xlsx
MX,8311.10.04,,De níquel o sus aleaciones.,,,2026-04-27,,SNICE-TIGIE-MOD-ABRIL-2026,https://www.snice.gob.mx/~oracle/SNICE_DOCS/MODIFICACIONES-ABRIL2026-LIGIE_20260427-20260427.xlsx
MX,8311.10.99,,Los demás.,,,2026-04-27,,SNICE-TIGIE-MOD-ABRIL-2026,https://www.snice.gob.mx/~oracle/SNICE_DOCS/MODIFICACIONES-ABRIL2026-LIGIE_20260427-20260427.xlsx
MX,8311.20.05,,"Alambre ""relleno"" para soldadura de arco, de metal común.",,,2026-04-27,,SNICE-TIGIE-MOD-ABRIL-2026,https://www.snice.gob.mx/~oracle/SNICE_DOCS/MODIFICACIONES-ABRIL2026-LIGIE_20260427-20260427.xlsx
MX,8311.30.01,,De hierro o acero.,,,2026-04-27,,SNICE-TIGIE-MOD-ABRIL-2026,https://www.snice.gob.mx/~oracle/SNICE_DOCS/MODIFICACIONES-ABRIL2026-LIGIE_20260427-20260427.xlsx
MX,8311.30.99,,Los demás.,,,2026-04-27,,SNICE-TIGIE-MOD-ABRIL-2026,https://www.snice.gob.mx/~oracle/SNICE_DOCS/MODIFICACIONES-ABRIL2026-LIGIE_20260427-20260427.xlsx
MX,8311.90.01,,De hierro o acero.,,,2026-04-27,,SNICE-TIGIE-MOD-ABRIL-2026,https://www.snice.gob.mx/~oracle/SNICE_DOCS/MODIFICACIONES-ABRIL2026-LIGIE_20260427-20260427.xlsx
MX,8311.90.02,,De cobre o sus aleaciones.,,,2026-04-27,,SNICE-TIGIE-MOD-ABRIL-2026,https://www.snice.gob.mx/~oracle/SNICE_DOCS/MODIFICACIONES-ABRIL2026-LIGIE_20260427-20260427.xlsx
MX,8311.90.99,,Los demás.,,,2026-04-27,,SNICE-TIGIE-MOD-ABRIL-2026,https://www.snice.gob.mx/~oracle/SNICE_DOCS/MODIFICACIONES-ABRIL2026-LIGIE_20260427-20260427.xlsx
MX,8404.20.01,,Condensadores para máquinas de vapor.,,,2026-04-27,,SNICE-TIGIE-MOD-ABRIL-2026,https://www.snice.gob.mx/~oracle/SNICE_DOCS/MODIFICACIONES-ABRIL2026-LIGIE_20260427-20260427.xlsx
MX,8413.91.13,,De bombas.,,,2026-04-27,,SNICE-TIGIE-MOD-ABRIL-2026,https://www.snice.gob.mx/~oracle/SNICE_DOCS/MODIFICACIONES-ABRIL2026-LIGIE_20260427-20260427.xlsx
MX,8416.90.02,,Partes.,,,2026-04-27,,SNICE-TIGIE-MOD-ABRIL-2026,https://www.snice.gob.mx/~oracle/SNICE_DOCS/MODIFICACIONES-ABRIL2026-LIGIE_20260427-20260427.xlsx
MX,8419.50.03,,"Cambiadores o intercambiadores de temperatura con serpentines tubulares, excepto los constituidos por tubos de grafito impermeabilizados con resinas polimerizadas.",,,2026-04-27,,SNICE-TIGIE-MOD-ABRIL-2026,https://www.snice.gob.mx/~oracle/SNICE_DOCS/MODIFICACIONES-ABRIL2026-LIGIE_20260427-20260427.xlsx
MX,8431.49.99,,Las demás.,,,2026-04-27,,SNICE-TIGIE-MOD-ABRIL-2026,https://www.snice.gob.mx/~oracle/SNICE_DOCS/MODIFICACIONES-ABRIL2026-LIGIE_20260427-20260427.xlsx
MX,8433.90.04,,Partes.,,,2026-04-27,,SNICE-TIGIE-MOD-ABRIL-2026,https://www.snice.gob.mx/~oracle/SNICE_DOCS/MODIFICACIONES-ABRIL2026-LIGIE_20260427-20260427.xlsx
MX,8502.31.01,,Aerogeneradores.,,,2026-04-27,,SNICE-TIGIE-MOD-ABRIL-2026,https://www.snice.gob.mx/~oracle/SNICE_DOCS/MODIFICACIONES-ABRIL2026-LIGIE_20260427-20260427.xlsx
MX,8503.00.99,,Las demás.,,,2026-04-27,,SNICE-TIGIE-MOD-ABRIL-2026,https://www.snice.gob.mx/~oracle/SNICE_DOCS/MODIFICACIONES-ABRIL2026-LIGIE_20260427-20260427.xlsx
MX,8509.90.99,,Las demás.,,,2026-04-27,,SNICE-TIGIE-MOD-ABRIL-2026,https://www.snice.gob.mx/~oracle/SNICE_DOCS/MODIFICACIONES-ABRIL2026-LIGIE_20260427-20260427.xlsx
MX,8515.31.99,,Los demás.,,,2026-04-27,,SNICE-TIGIE-MOD-ABRIL-2026,https://www.snice.gob.mx/~oracle/SNICE_DOCS/MODIFICACIONES-ABRIL2026-LIGIE_20260427-20260427.xlsx
MX,8515.39.99,,Los demás.,,,2026-04-27,,SNICE-TIGIE-MOD-ABRIL-2026,https://www.snice.gob.mx/~oracle/SNICE_DOCS/MODIFICACIONES-ABRIL2026-LIGIE_20260427-20260427.xlsx
MX,8539.29.99,,Los demás.,,,2026-04-27,,SNICE-TIGIE-MOD-ABRIL-2026,https://www.snice.gob.mx/~oracle/SNICE_DOCS/MODIFICACIONES-ABRIL2026-LIGIE_20260427-20260427.xlsx
MX,8544.70.01,,Cables de fibras ópticas.,,,2026-04-27,,SNICE-TIGIE-MOD-ABRIL-2026,https://www.snice.gob.mx/~oracle/SNICE_DOCS/MODIFICACIONES-ABRIL2026-LIGIE_20260427-20260427.xlsx
MX,8706.00.99,,Los demás.,,,2026-04-27,,SNICE-TIGIE-MOD-ABRIL-2026,https://www.snice.gob.mx/~oracle/SNICE_DOCS/MODIFICACIONES-ABRIL2026-LIGIE_20260427-20260427.xlsx
MX,8707.90.02,,"Para transporte de más de 16 personas, para ser montadas sobre chasis de largueros completos, para vehículos de dos ejes.",,,2026-04-27,,SNICE-TIGIE-MOD-ABRIL-2026,https://www.snice.gob.mx/~oracle/SNICE_DOCS/MODIFICACIONES-ABRIL2026-LIGIE_20260427-20260427.xlsx
MX,8708.10.99,,Los demás.,,,2026-04-27,,SNICE-TIGIE-MOD-ABRIL-2026,https://www.snice.gob.mx/~oracle/SNICE_DOCS/MODIFICACIONES-ABRIL2026-LIGIE_20260427-20260427.xlsx
MX,8708.22.01,,"Parabrisas, vidrios traseros (lunetas) y demás ventanillas especificados en la Nota 1 de subpartida de este Capítulo.",,,2026-04-27,,SNICE-TIGIE-MOD-ABRIL-2026,https://www.snice.gob.mx/~oracle/SNICE_DOCS/MODIFICACIONES-ABRIL2026-LIGIE_20260427-20260427.xlsx
MX,8708.29.99,,Los demás.,,,2026-04-27,,SNICE-TIGIE-MOD-ABRIL-2026,https://www.snice.gob.mx/~oracle/SNICE_DOCS/MODIFICACIONES-ABRIL2026-LIGIE_20260427-20260427.xlsx
MX,8712.00.05,,"Bicicletas y demás velocípedos (incluidos los triciclos de reparto), sin motor.",,,2026-04-27,,SNICE-TIGIE-MOD-ABRIL-2026,https://www.snice.gob.mx/~oracle/SNICE_DOCS/MODIFICACIONES-ABRIL2026-LIGIE_20260427-20260427.xlsx
MX,8714.91.01,,"Cuadros y horquillas, y sus partes.",,,2026-04-27,,SNICE-TIGIE-MOD-ABRIL-2026,https://www.snice.gob.mx/~oracle/SNICE_DOCS/MODIFICACIONES-ABRIL2026-LIGIE_20260427-20260427.xlsx
MX,8716.39.99,,Los demás.,,,2026-04-27,,SNICE-TIGIE-MOD-ABRIL-2026,https://www.snice.gob.mx/~oracle/SNICE_DOCS/MODIFICACIONES-ABRIL2026-LIGIE_20260427-20260427.xlsx
MX,8804.00.01,,"Paracaídas, incluidos los dirigibles, planeadores (parapentes) o de aspas giratorias; sus partes y accesorios.",,,2026-04-27,,SNICE-TIGIE-MOD-ABRIL-2026,https://www.snice.gob.mx/~oracle/SNICE_DOCS/MODIFICACIONES-ABRIL2026-LIGIE_20260427-20260427.xlsx
MX,9201.90.99,,Los demás.,,,2026-04-27,,SNICE-TIGIE-MOD-ABRIL-2026,https://www.snice.gob.mx/~oracle/SNICE_DOCS/MODIFICACIONES-ABRIL2026-LIGIE_20260427-20260427.xlsx
MX,9202.10.01,,De arco.,,,2026-04-27,,SNICE-TIGIE-MOD-ABRIL-2026,https://www.snice.gob.mx/~oracle/SNICE_DOCS/MODIFICACIONES-ABRIL2026-LIGIE_20260427-20260427.xlsx
MX,9202.90.02,,Guitarras.,,,2026-04-27,,SNICE-TIGIE-MOD-ABRIL-2026,https://www.snice.gob.mx/~oracle/SNICE_DOCS/MODIFICACIONES-ABRIL2026-LIGIE_20260427-20260427.xlsx
MX,9202.90.99,,Los demás.,,,2026-04-27,,SNICE-TIGIE-MOD-ABRIL-2026,https://www.snice.gob.mx/~oracle/SNICE_DOCS/MODIFICACIONES-ABRIL2026-LIGIE_20260427-20260427.xlsx
MX,9205.10.01,,"Instrumentos llamados ""metales"".",,,2026-04-27,,SNICE-TIGIE-MOD-ABRIL-2026,https://www.snice.gob.mx/~oracle/SNICE_DOCS/MODIFICACIONES-ABRIL2026-LIGIE_20260427-20260427.xlsx
MX,9205.90.02,,Órganos de tubo y teclado; armonios e instrumentos similares de teclado y lengüetas metálicas libres.,,,2026-04-27,,SNICE-TIGIE-MOD-ABRIL-2026,https://www.snice.gob.mx/~oracle/SNICE_DOCS/MODIFICACIONES-ABRIL2026-LIGIE_20260427-20260427.xlsx
MX,9205.90.03,,Acordeones e instrumentos similares.,,,2026-04-27,,SNICE-TIGIE-MOD-ABRIL-2026,https://www.snice.gob.mx/~oracle/SNICE_DOCS/MODIFICACIONES-ABRIL2026-LIGIE_20260427-20260427.xlsx
MX,9205.90.04,,Armónicas.,,,2026-04-27,,SNICE-TIGIE-MOD-ABRIL-2026,https://www.snice.gob.mx/~oracle/SNICE_DOCS/MODIFICACIONES-ABRIL2026-LIGIE_20260427-20260427.xlsx
MX,9207.10.02,,"Órganos, excepto lo comprendido en la fracción arancelaria 9207.10.01.",,,2026-04-27,,SNICE-TIGIE-MOD-ABRIL-2026,https://www.snice.gob.mx/~oracle/SNICE_DOCS/MODIFICACIONES-ABRIL2026-LIGIE_20260427-20260427.xlsx
MX,9208.10.01,,Cajas de música.,,,2026-04-27,,SNICE-TIGIE-MOD-ABRIL-2026,https://www.snice.gob.mx/~oracle/SNICE_DOCS/MODIFICACIONES-ABRIL2026-LIGIE_20260427-20260427.xlsx
MX,9208.90.99,,Los demás.,,,2026-04-27,,SNICE-TIGIE-MOD-ABRIL-2026,https://www.snice.gob.mx/~oracle/SNICE_DOCS/MODIFICACIONES-ABRIL2026-LIGIE_20260427-20260427.xlsx
MX,9209.91.99,,Los demás.,,,2026-04-27,,SNICE-TIGIE-MOD-ABRIL-2026,https://www.snice.gob.mx/~oracle/SNICE_DOCS/MODIFICACIONES-ABRIL2026-LIGIE_20260427-20260427.xlsx
MX,9404.29.99,,De otras materias.,,,2026-04-27,,SNICE-TIGIE-MOD-ABRIL-2026,https://www.snice.gob.mx/~oracle/SNICE_DOCS/MODIFICACIONES-ABRIL2026-LIGIE_20260427-20260427.xlsx
MX,9404.40.01,,"Cubrepiés, colchas, edredones y cobertores.",,,2026-04-27,,SNICE-TIGIE-MOD-ABRIL-2026,https://www.snice.gob.mx/~oracle/SNICE_DOCS/MODIFICACIONES-ABRIL2026-LIGIE_20260427-20260427.xlsx
MX,9405.61.01,,Diseñados para ser utilizados únicamente con fuentes luminosas de diodos emisores de luz (LED).,,,2026-04-27,,SNICE-TIGIE-MOD-ABRIL-2026,https://www.snice.gob.mx/~oracle/SNICE_DOCS/MODIFICACIONES-ABRIL2026-LIGIE_20260427-20260427.xlsx
MX,9603.90.01,,Plumeros.,,,2026-04-27,,SNICE-TIGIE-MOD-ABRIL-2026,https://www.snice.gob.mx/~oracle/SNICE_DOCS/MODIFICACIONES-ABRIL2026-LIGIE_20260427-20260427.xlsx
MX,9620.00.03,,De las materias indicadas en la Partida 68.15.,,,2026-04-27,,SNICE-TIGIE-MOD-ABRIL-2026,https://www.snice.gob.mx/~oracle/SNICE_DOCS/MODIFICACIONES-ABRIL2026-LIGIE_20260427-20260427.xlsx
